{
    "8_20_c0": [
        [
            98.21429252624512,
            0.9415807127952576,
            0.9170013070106506,
            90.13158082962036
        ],
        [
            98.31933379173279,
            0.944444477558136,
            0.9139785170555115,
            89.47368264198303
        ],
        [
            99.15966987609863,
            0.9729729890823364,
            0.9574467539787292,
            94.73684430122375
        ]
    ],
    "8_20_c1": [
        [
            85.81933379173279,
            0.6910755634307861,
            0.8454647064208984,
            99.34210777282715
        ],
        [
            86.55462861061096,
            0.7037037014961243,
            0.8558558821678162,
            100.0
        ],
        [
            87.3949646949768,
            0.7169811129570007,
            0.8636363744735718,
            100.0
        ]
    ],
    "8_30_c0": [
        [
            98.10925126075745,
            0.9440994262695312,
            0.9768638014793396,
            100.0
        ],
        [
            99.15966987609863,
            0.9743589162826538,
            0.9895832538604736,
            100.0
        ],
        [
            97.47899770736694,
            0.9268292784690857,
            0.9693877696990967,
            100.0
        ]
    ],
    "8_30_c1": [
        [
            97.2689151763916,
            0.9212120771408081,
            0.9669210910797119,
            100.0
        ],
        [
            99.15966987609863,
            0.9743589162826538,
            0.9895832538604736,
            100.0
        ],
        [
            96.6386616230011,
            0.9047618508338928,
            0.9595959186553955,
            100.0
        ]
    ],
    "8_40_c0": [
        [
            98.52941632270813,
            0.951724112033844,
            0.9249329566955566,
            90.78947305679321
        ],
        [
            96.6386616230011,
            0.8823529481887817,
            0.8241758346557617,
            78.94737124443054
        ],
        [
            100.0,
            1.0,
            1.0,
            100.0
        ]
    ],
    "8_40_c1": [
        [
            90.75630903244019,
            0.7647058963775635,
            0.8614457249641418,
            94.07894611358643
        ],
        [
            89.91597294807434,
            0.7391304969787598,
            0.8252427577972412,
            89.47368264198303
        ],
        [
            89.91597294807434,
            0.7599999904632568,
            0.8878504633903503,
            100.0
        ]
    ],
    "8_50_c0": [
        [
            99.68487620353699,
            0.9900332093238831,
            0.9841479063034058,
            98.02631735801697
        ],
        [
            98.31933379173279,
            0.9473684430122375,
            0.9473684430122375,
            94.73684430122375
        ],
        [
            100.0,
            1.0,
            1.0,
            100.0
        ]
    ],
    "8_50_c1": [
        [
            86.23949885368347,
            0.6988505721092224,
            0.8529741764068604,
            100.0
        ],
        [
            87.3949646949768,
            0.7169811129570007,
            0.8636363744735718,
            100.0
        ],
        [
            84.87395644187927,
            0.6785714030265808,
            0.8407079577445984,
            100.0
        ]
    ],
    "16_20_c0": [
        [
            95.79832553863525,
            0.88165682554245,
            0.9382872581481934,
            98.02631735801697
        ],
        [
            98.31933379173279,
            0.9473684430122375,
            0.9473684430122375,
            94.73684430122375
        ],
        [
            96.6386616230011,
            0.9047618508338928,
            0.9595959186553955,
            100.0
        ]
    ],
    "16_20_c1": [
        [
            96.84874415397644,
            0.9032257795333862,
            0.9138381481170654,
            92.1052634716034
        ],
        [
            95.79832553863525,
            0.8648648262023926,
            0.8510638475418091,
            84.21052694320679
        ],
        [
            97.47899770736694,
            0.9268292784690857,
            0.9693877696990967,
            100.0
        ]
    ],
    "16_30_c0": [
        [
            95.69328427314758,
            0.8441064357757568,
            0.7719054222106934,
            73.02631735801697
        ],
        [
            94.95798945426941,
            0.8125,
            0.7303370237350464,
            68.42105388641357
        ],
        [
            96.6386616230011,
            0.8823529481887817,
            0.8241758346557617,
            78.94737124443054
        ]
    ],
    "16_30_c1": [
        [
            95.27311325073242,
            0.8262548446655273,
            0.748251736164093,
            70.3947365283966
        ],
        [
            95.79832553863525,
            0.8484848141670227,
            0.7777777314186096,
            73.68420958518982
        ],
        [
            97.47899770736694,
            0.9142857193946838,
            0.8695652484893799,
            84.21052694320679
        ]
    ],
    "16_40_c0": [
        [
            84.24370288848877,
            0.025974027812480927,
            0.016393441706895828,
            1.315789483487606
        ],
        [
            84.03362035751343,
            0.0,
            0.0,
            0.0
        ],
        [
            85.71429252624512,
            0.190476194024086,
            0.12820513546466827,
            10.526315867900848
        ]
    ],
    "16_40_c1": [
        [
            57.45798349380493,
            0.4287729263305664,
            0.6523605585098267,
            100.0
        ],
        [
            60.5042040348053,
            0.4470588266849518,
            0.6690140962600708,
            100.0
        ],
        [
            61.34454011917114,
            0.4523809552192688,
            0.673758864402771,
            100.0
        ]
    ],
    "16_50_c0": [
        [
            98.31933379173279,
            0.944444477558136,
            0.9139785170555115,
            89.47368264198303
        ],
        [
            95.79832553863525,
            0.8484848141670227,
            0.7777777314186096,
            73.68420958518982
        ],
        [
            98.31933379173279,
            0.944444477558136,
            0.9139785170555115,
            89.47368264198303
        ]
    ],
    "16_50_c1": [
        [
            90.12605547904968,
            0.5523809790611267,
            0.4354354441165924,
            38.15789520740509
        ],
        [
            92.43698120117188,
            0.6896551847457886,
            0.5813953876495361,
            52.63158082962036
        ],
        [
            91.59664511680603,
            0.6428571939468384,
            0.529411792755127,
            47.36842215061188
        ]
    ],
    "32_20_c0": [
        [
            55.67227005958557,
            0.41873276233673096,
            0.6429780125617981,
            100.0
        ],
        [
            53.78151535987854,
            0.3956044316291809,
            0.6081081032752991,
            94.73684430122375
        ],
        [
            53.78151535987854,
            0.40860214829444885,
            0.6333333253860474,
            100.0
        ]
    ],
    "32_20_c1": [
        [
            97.16386795043945,
            0.9039146304130554,
            0.8616011142730713,
            83.55262875556946
        ],
        [
            95.79832553863525,
            0.8484848141670227,
            0.7777777314186096,
            73.68420958518982
        ],
        [
            99.15966987609863,
            0.9729729890823364,
            0.9574467539787292,
            94.73684430122375
        ]
    ],